
6400000000000000000000000000000000000000000000000000000000000000
120000000000
1280000000000000000000000000000000000000000000000000000000000000000000000000000000000000000000000000000000000000000000000000000
160000000000000000000000000000000000000000000000000000000000000000000000000000000000000000000000000000000000000000000000000000000000000000000000000000000000000

750, 29022298,10000,101,19970925,19970818,ＰＯＷＥＲ　ＳＷ部分を棚にぶつけ破損,電源入らず,ハ゜ワースイッチが破損していました。            不良部品交換した後、点検、調整致しました。,,1997.09.25,1997.08.18
3029,  0830346,10080,114,19971028,19971021,ﾚﾝｼﾞ調整,電源入らず。,ヒューズ切れで、電源入りませんでした。          不良部品交換した後、点検調整致しました。,,1997.10.28,1997.10.21
2759,  2561066,10110,161D,19971017,19971013,電源入らず　,電源入らず。,ヒューズ切れで電源入りませんでした。            不良部品交換した後、点検調整致しました。,,1997.10.17,1997.10.13



-------------------------------------------------------------------------------------------------

mysql -u root -p --local_infile=1
set persist local_infile=1

SHOW VARIABLES LIKE 'local_infile';
#mysql側の「local_infile」の現在の設定値(デフォルト値)を確認
mysql> SELECT @@local_infile;
+----------------+
| @@local_infile |
+----------------+
|              0 |
+----------------+
1 row in set (0.00 sec)


#mysqlで、「local_infile=1」を設定
mysql> SET PERSIST local_infile= 1;
Query OK, 0 rows affected (0.00 sec)


#設定後の確認
mysql> SELECT @@local_infile;
+----------------+
| @@local_infile |
+----------------+
|              1 |
+----------------+
1 row in set (0.00 sec)


------------------------------------------------------------------------------------------------


select * from repair_table limit 10;
select * from repair_table order by id desc limit 1;

load data local infile "C:\\Users\\HARUTO YOKOGOSHI\\Desktop\\test.csv" into table repair_table FIELDS TERMINATED BY ',' LINES TERMINATED BY '\n' (order_id,serial_no,product_code,product_name,repair_end,repair_order,out_state,check_state,repair_detail,disorder_repair,end_date,order_date)

select * from repair_table where order_id like '%750%';
select * from repair_table where order_date between '2000-12-12' and '2000-12-12';

---------------------------------------------------------------------------------------------

SET SESSION FOREIGN_KEY_CHECKS=0;

/* Drop Tables */

DROP TABLE IF EXISTS repair_table;

CREATE TABLE repair_table
(
	id int NOT NULL AUTO_INCREMENT,
	order_id varchar(12) NOT NULL,
	serial_no varchar(12),
	product_code varchar(12) NOT NULL,
	product_name varchar(64) NOT NULL,
	repair_end varchar(12) NOT NULL,
	repair_order varchar(12) NOT NULL,
	out_state varchar(128),
	check_state varchar(160),
	repair_detail varchar(160),
	disorder_repair varchar(160),
	end_date date NOT NULL,
	order_date date NOT NULL,
	enabled int NOT NULL,
	entry_day timestamp NOT NULL DEFAULT CURRENT_TIMESTAMP ON UPDATE CURRENT_TIMESTAMP,
	update_day timestamp NOT NULL DEFAULT CURRENT_TIMESTAMP ON UPDATE CURRENT_TIMESTAMP,
	PRIMARY KEY (id),
	UNIQUE (id),
	UNIQUE (order_id)
);




CREATE TABLE user_table
(
	id int NOT NULL AUTO_INCREMENT,
	user_id varchar(64) NOT NULL,
	password varchar(64) NOT NULL,
	class_code int DEFAULT 0 NOT NULL,
	user_name varchar(64) NOT NULL,
	enabled int DEFAULT 0 NOT NULL,
	entry_day timestamp NOT NULL DEFAULT CURRENT_TIMESTAMP ON UPDATE CURRENT_TIMESTAMP,
	update_day timestamp NOT NULL DEFAULT CURRENT_TIMESTAMP ON UPDATE CURRENT_TIMESTAMP,
	PRIMARY KEY (id),
	UNIQUE (id)
);

INSERT INTO user_table VALUES (1,'0001','pass1');
insert into user_table (user_id,password,user_name) values ('0001','pass1','ユーザー1');


load data local infile 'C:\\研修\\kensyu\\Java\\.metadata\\.plugins\\org.eclipse.wst.server.core\\tmp0\\wtpwebapps\\support_system\\upload' into table repair_table FIELDS TERMINATED BY ',' LINES TERMINATED BY '\n' (order_id,serial_no,product_code,product_name,repair_end,repair_order,out_state,check_state,repair_detail,disorder_repair,end_date,order_date)




int i = s.executeUpdate("load data local infile 'E:\\Book1.csv' into table sample.copy_table fields terminated by ',' optionally enclosed by '\"' lines terminated by '\r\n'");
int i = s.executeUpdate("load data local infile 'E:\\Book1.csv' into table sample.copy_table fields terminated by ',' optionally enclosed by '"' lines terminated by '\r\n'")
final String sql = "load data local infile 'C:\\Users\\HARUTO YOKOGOSHI\\Desktop\\test2.csv' into table repair_table FIELDS TERMINATED BY ',' optionally enclosed by '\"' LINES TERMINATED BY '\r\n' (order_id,serial_no,product_code,product_name,repair_end,repair_order,out_state,check_state,repair_detail,disorder_repair,end_date,order_date)";




select * from repair_table limit 10;
select * from repair_table order by id desc limit 3;

select * from user_table limit 2;



https://teratail.com/questions/350891







https://learn.microsoft.com/ja-jp/windows/wsl/tutorials/gui-apps
https://docs.ros.org/en/humble/Installation/Ubuntu-Install-Debians.html
https://qiita.com/kccs_yoshiteru-imamura/items/66155f9e54e2a86ec212#%E3%83%87%E3%82%A3%E3%82%B9%E3%83%88%E3%83%AA%E3%83%93%E3%83%A5%E3%83%BC%E3%82%B7%E3%83%A7%E3%83%B3%E8%BF%BD%E5%8A%A0
cat /etc/os-release

https://docs.ros.org/en/humble/Tutorials/Beginner-CLI-Tools/Introducing-Turtlesim/Introducing-Turtlesim.html

source /opt/ros/humble/setup.bash
echo "source /opt/ros/humble/setup.bash" >> ~/.bashrc

printenv | grep -i ROS
